--
-- PostgreSQL database dump
--

-- Dumped from database version 9.6.2
-- Dumped by pg_dump version 9.6.2

-- Started on 2017-06-02 11:57:27 CEST
-- TOC entry 3710 (class 0 OID 64323)
-- Dependencies: 209
-- Data for Name: playmapping_normen; Type: TABLE DATA; Schema: public; Owner: playbase
--

INSERT INTO playmapping_normen VALUES ('wipveer', 'speeltoestellen', 'stuk', '0 t/m 5 jaar', 12, 803, 60.75);
INSERT INTO playmapping_normen VALUES ('meerpersoons wipveer', 'speeltoestellen', 'stuk', '0 t/m 5 jaar', 10, 1430, 64.8333333333333);
INSERT INTO playmapping_normen VALUES ('wip', 'speeltoestellen', 'stuk', '0 t/m 11 jaar', 10, 2500, 55.4595238095238);
INSERT INTO playmapping_normen VALUES ('enkel duikelrek', 'speeltoestellen', 'stuk', '6 t/m 11 jaar', 14, 420, 16.9166666666667);
INSERT INTO playmapping_normen VALUES ('meerdelig duikelrek', 'speeltoestellen', 'stuk', '6 t/m 11 jaar', 14, 750, 25.8333333333333);
INSERT INTO playmapping_normen VALUES ('schommel', 'speeltoestellen', 'stuk', '0 t/m 11 jaar', 10, 3000, 73.23);
INSERT INTO playmapping_normen VALUES ('evenwichtstoestel', 'speeltoestellen', 'stuk', '0 t/m 11 jaar', 12, 605, 12.6833333333333);
INSERT INTO playmapping_normen VALUES ('bokspringpaal (set)', 'speeltoestellen', 'stuk', '0 t/m 11 jaar', 14, 275, 8.1);
INSERT INTO playmapping_normen VALUES ('glijbaan laag', 'speeltoestellen', 'stuk', '0 t/m 5 jaar', 12, 3200, 36.6833333333333);
INSERT INTO playmapping_normen VALUES ('glijbaan hoog', 'speeltoestellen', 'stuk', '0 t/m 11 jaar', 12, 3740, 36.4833333333333);
INSERT INTO playmapping_normen VALUES ('taludglijbaan', 'speeltoestellen', 'stuk', '0 t/m 11 jaar', 12, 4235, 32.5);
INSERT INTO playmapping_normen VALUES ('zandbak', 'speeltoestellen', 'stuk', '0 t/m 5 jaar', 20, 1925, 64);
INSERT INTO playmapping_normen VALUES ('zandspeeltoestel', 'speeltoestellen', 'stuk', '0 t/m 5 jaar', 10, 1150, 27.675);
INSERT INTO playmapping_normen VALUES ('draaitoestel klein', 'speeltoestellen', 'stuk', '0 t/m 11 jaar', 10, 1700, 58.9166666666667);
INSERT INTO playmapping_normen VALUES ('draaitoestel groot', 'speeltoestellen', 'stuk', '0 t/m 11 jaar', 10, 3740, 47.9166666666667);
INSERT INTO playmapping_normen VALUES ('klimelement', 'speeltoestellen', 'stuk', '0 t/m 11 jaar', 12, 2970, 55.625);
INSERT INTO playmapping_normen VALUES ('ruimtenet', 'speeltoestellen', 'stuk', '0 t/m 11 jaar', 12, 6900, 115.416666666667);
INSERT INTO playmapping_normen VALUES ('speelhuis', 'speeltoestellen', 'stuk', '0 t/m 5 jaar', 12, 2475, 58.4166666666667);
INSERT INTO playmapping_normen VALUES ('combinatie klein', 'speeltoestellen', 'stuk', '0 t/m 5 jaar', 12, 4500, 71.0416666666667);
INSERT INTO playmapping_normen VALUES ('combinatie middel', 'speeltoestellen', 'stuk', '0 t/m 11 jaar', 12, 7500, 83.5833333333333);
INSERT INTO playmapping_normen VALUES ('combinatie groot', 'speeltoestellen', 'stuk', '0 t/m 11 jaar', 14, 13000, 105.416666666667);
INSERT INTO playmapping_normen VALUES ('uitgebreide combinatietoestel', 'speeltoestellen', 'stuk', '6 t/m 11 jaar', 16, 30000, 210);
INSERT INTO playmapping_normen VALUES ('uitgebreide klimtorens', 'speeltoestellen', 'stuk', '6 t/m 11 jaar', 16, 55000, 240);
INSERT INTO playmapping_normen VALUES ('JOP', 'speeltoestellen', 'stuk', '12 t/m 18 jaar', 10, 10000, 84.5833333333333);
INSERT INTO playmapping_normen VALUES ('kabelbaan', 'speeltoestellen', 'stuk', '6 t/m 11 jaar', 10, 8500, 74.8958333333333);
INSERT INTO playmapping_normen VALUES ('tafeltennistafel', 'sporttoestellen', 'stuk', '6 t/m 18 jaar', 16, 2200, 18.9583333333333);
INSERT INTO playmapping_normen VALUES ('voetbaldoel', 'sporttoestellen', 'stuk', '6 t/m 18 jaar', 14, 1375, 33.3055555555556);
INSERT INTO playmapping_normen VALUES ('basketbalpaal', 'sporttoestellen', 'stuk', '6 t/m 18 jaar', 14, 1900, 28.75);
INSERT INTO playmapping_normen VALUES ('voetbal-basketbaldoel', 'sporttoestellen', 'stuk', '6 t/m 18 jaar', 14, 7500, 70.4166666666667);
INSERT INTO playmapping_normen VALUES ('pannaveld klein', 'sporttoestellen', 'stuk', '6 t/m 18 jaar', 14, 6500, NULL);
INSERT INTO playmapping_normen VALUES ('pannaveld', 'sporttoestellen', 'stuk', '6 t/m 18 jaar', 14, 15000, 140.833333333333);
INSERT INTO playmapping_normen VALUES ('pannaveld groot', 'sporttoestellen', 'stuk', '6 t/m 18 jaar', 14, 40000, NULL);
INSERT INTO playmapping_normen VALUES ('volleybalset', 'sporttoestellen', 'stuk', '6 t/m 18 jaar', 12, 825, 14.2916666666667);
INSERT INTO playmapping_normen VALUES ('jeu de boulesbaan', 'sporttoestellen', 'stuk', 'n.v.t.', 12, 4550, 53.75);
INSERT INTO playmapping_normen VALUES ('skateboard groot', 'sporttoestellen', 'stuk', '6 t/m 18 jaar', 12, 50000, 279.375);
INSERT INTO playmapping_normen VALUES ('skateboard middel', 'sporttoestellen', 'stuk', '6 t/m 18 jaar', 10, 12500, 141.25);
INSERT INTO playmapping_normen VALUES ('skateboard klein', 'sporttoestellen', 'stuk', '6 t/m 18 jaar', 10, 2500, 75.625);
INSERT INTO playmapping_normen VALUES ('fitness', 'sporttoestellen', 'stuk', '6 t/m 18 jaar', 12, 2500, 76);
INSERT INTO playmapping_normen VALUES ('speelprikkel divers', 'speelaanleiding', 'stuk', '0 t/m 11 jaar', 20, 2000, 0);
INSERT INTO playmapping_normen VALUES ('knikkertegel', 'speelaanleiding', 'stuk', '0 t/m 11 jaar', 20, 57.5, 0);
INSERT INTO playmapping_normen VALUES ('hinkelbaan', 'speelaanleiding', 'stuk', '0 t/m 11 jaar', 20, 402.5, 0);
INSERT INTO playmapping_normen VALUES ('poef', 'speelaanleiding', 'stuk', 'n.v.t.', 20, 290, 0);
INSERT INTO playmapping_normen VALUES ('schaaktafel', 'speelaanleiding', 'stuk', '6 t/m 18 jaar', 14, 936, 9.41666666666667);
INSERT INTO playmapping_normen VALUES ('speeltafel', 'speelaanleiding', 'stuk', '0 t/m 11 jaar', 12, 680, 19.6666666666667);
INSERT INTO playmapping_normen VALUES ('kunst', 'speelaanleiding', 'stuk', '0 t/m 11 jaar', 20, 6000, 0);
INSERT INTO playmapping_normen VALUES ('asfaltvloer', 'verharding', 'm2', 'n.v.t.', 30, 130, 0.901314643352583);
INSERT INTO playmapping_normen VALUES ('elementverharding (tegels/klinkers)', 'verharding', 'm2', 'n.v.t.', 30, 55, 0.345706905726618);
INSERT INTO playmapping_normen VALUES ('betonvloer (skaten)', 'verharding', 'm2', 'n.v.t.', 30, 90, 1.63305555555556);
INSERT INTO playmapping_normen VALUES ('halfverharding (gralux)', 'verharding', 'm2', 'n.v.t.', 20, 65, 0.949181714172014);
INSERT INTO playmapping_normen VALUES ('kunstgrastrapvelden', 'verharding', 'm2', 'n.v.t.', 12, 95, 8.47833799182972);
INSERT INTO playmapping_normen VALUES ('grastrapveld  (excl. drainage)', 'verharding', 'm2', 'n.v.t.', 30, 15, 1.63207430731575);
INSERT INTO playmapping_normen VALUES ('ballenvanger', 'afscheiding', 'm1', 'n.v.t.', 12, 180, 10.1666666666667);
INSERT INTO playmapping_normen VALUES ('hekwerk', 'afscheiding', 'm1', 'n.v.t.', 12, 85, 4.125);
INSERT INTO playmapping_normen VALUES ('afscheiding', 'afscheiding', 'm1', 'n.v.t.', 12, 45, 2.08333333333333);
INSERT INTO playmapping_normen VALUES ('afvalbak', 'meubilair ed', 'stuk', 'n.v.t.', 10, 185, 5.16666666666667);
INSERT INTO playmapping_normen VALUES ('bank', 'meubilair ed', 'stuk', 'n.v.t.', 10, 460, 25.8333333333333);
INSERT INTO playmapping_normen VALUES ('picknickset', 'meubilair ed', 'stuk', 'n.v.t.', 10, 1560, 43);
INSERT INTO playmapping_normen VALUES ('zitelement (beton)', 'meubilair ed', 'stuk', 'n.v.t.', 12, 860, 0);
INSERT INTO playmapping_normen VALUES ('valdempend zand', 'veiligheidsondergrond', 'm2', 'n.v.t.', 15, 27.24, 7.505);
INSERT INTO playmapping_normen VALUES ('houtsnipper: gekleurde vezel', 'veiligheidsondergrond', 'm2', 'n.v.t.', 9, 58.85, 7.949);
INSERT INTO playmapping_normen VALUES ('houtsnipper: gekleurd verkleind/gezeefd', 'veiligheidsondergrond', 'm2', 'n.v.t.', 9, 53.22, 8.725);
INSERT INTO playmapping_normen VALUES ('franse schors', 'veiligheidsondergrond', 'm2', 'n.v.t.', 5, 44.62, 9.375);
INSERT INTO playmapping_normen VALUES ('Bumpgrass natuurlijke toplaag van gras ', 'veiligheidsondergrond', 'm2', 'n.v.t.', 7, 55.42, 19.19);
INSERT INTO playmapping_normen VALUES ('rubbertegels ', 'veiligheidsondergrond', 'm2', 'n.v.t.', 15, 132, 4.6);
INSERT INTO playmapping_normen VALUES ('rubbertegels op zand', 'veiligheidsondergrond', 'm2', 'n.v.t.', 15, 72.05, 4.6);
INSERT INTO playmapping_normen VALUES ('rubber-betontegels 30 x 30', 'veiligheidsondergrond', 'm2', 'n.v.t.', 15, 136.9, 4.95);
INSERT INTO playmapping_normen VALUES ('rubbertegels 100 x 100', 'veiligheidsondergrond', 'm2', 'n.v.t.', 15, 98.53, 4.6);
INSERT INTO playmapping_normen VALUES ('in-situ /gegoten rubber', 'veiligheidsondergrond', 'm2', 'n.v.t.', 15, 190, 3.9);
INSERT INTO playmapping_normen VALUES ('kunstgras foam en zandbed', 'veiligheidsondergrond', 'm2', 'n.v.t.', 15, 81.8, 9.99166666666667);
INSERT INTO playmapping_normen VALUES ('kunstgras polyethyleen ', 'veiligheidsondergrond', 'm2', 'n.v.t.', 15, 87, 9.99166666666667);
INSERT INTO playmapping_normen VALUES ('Grind', 'veiligheidsondergrond', 'm2', 'n.v.t.', 15, 50, 4);


--
-- TOC entry 3711 (class 0 OID 64329)
-- Dependencies: 210
-- Data for Name: playmapping_type_group; Type: TABLE DATA; Schema: public; Owner: playbase
--

INSERT INTO playservice_equipment_list VALUES (1, 'Glijbaan');
INSERT INTO playservice_equipment_list VALUES (2, 'Schommel');
INSERT INTO playservice_equipment_list VALUES (3, 'Wip');
INSERT INTO playservice_equipment_list VALUES (4, 'Wipkip');
INSERT INTO playservice_equipment_list VALUES (5, 'Klimtoestel');
INSERT INTO playservice_equipment_list VALUES (6, 'Combinatietoestel');
INSERT INTO playservice_equipment_list VALUES (7, 'Draaitoestel');
INSERT INTO playservice_equipment_list VALUES (8, 'Zandbak');
INSERT INTO playservice_equipment_list VALUES (9, 'Trampoline');
INSERT INTO playservice_equipment_list VALUES (10, 'Zand-/waterspeeltoestel');
INSERT INTO playservice_equipment_list VALUES (11, 'Duikelrek');
INSERT INTO playservice_equipment_list VALUES (12, 'Speelhuis');
INSERT INTO playservice_equipment_list VALUES (13, 'Kabelbaan');
INSERT INTO playservice_equipment_list VALUES (14, 'Klimnet');
INSERT INTO playservice_equipment_list VALUES (15, 'Behendigheid');
INSERT INTO playservice_equipment_list VALUES (16, 'Sporttoestellen/fitness');
INSERT INTO playservice_equipment_list VALUES (17, 'Rijdend spel');
INSERT INTO playservice_equipment_list VALUES (18, 'Sociaal spel');
INSERT INTO playservice_equipment_list VALUES (19, 'Skatebaan');

INSERT INTO playmapping_type_group (categorie, assettype, groep, catasset, id, equipment_type, locationcategory) VALUES ('Carrousel', 'Anders (specificeer in naam veld)', 'draaitoestel groot', 'Carrousel/Anders (specificeer in naam veld)', 3, 7, 19);
INSERT INTO playmapping_type_group (categorie, assettype, groep, catasset, id, equipment_type, locationcategory) VALUES ('Speeltoestellen', 'Carrousel', 'draaitoestel groot', 'Speeltoestellen/Carrousel', 4, 7, 19);
INSERT INTO playmapping_type_group (categorie, assettype, groep, catasset, id, equipment_type, locationcategory) VALUES ('Draaiende toestellen', 'Pirouette / Rotator', 'draaitoestel klein', 'Draaiende toestellen/Pirouette / Rotator', 5, 7, 19);
INSERT INTO playmapping_type_group (categorie, assettype, groep, catasset, id, equipment_type, locationcategory) VALUES ('Carrousel', 'Type B Klassieke draaimolen met meedraaiende vloer', 'draaitoestel klein', 'Carrousel/Type B Klassieke draaimolen met meedraaiende vloer', 6, 7, 19);
INSERT INTO playmapping_type_group (categorie, assettype, groep, catasset, id, equipment_type, locationcategory) VALUES ('Ondergrond algemeen', 'Klinkers', 'elementverharding (tegels/klinkers)', 'Ondergrond algemeen/Klinkers', 7, null, 19);
INSERT INTO playmapping_type_group (categorie, assettype, groep, catasset, id, equipment_type, locationcategory) VALUES ('Behendigheid', 'Duikelrek - enkel', 'enkel duikelrek', 'Behendigheid/Duikelrek - enkel', 8, 11, 19);
INSERT INTO playmapping_type_group (categorie, assettype, groep, catasset, id, equipment_type, locationcategory) VALUES ('Behendigheid', 'Anders (specificeer in naam veld)', 'evenwichtstoestel', 'Behendigheid/Anders (specificeer in naam veld)', 9, 15, 19);
INSERT INTO playmapping_type_group (categorie, assettype, groep, catasset, id, equipment_type, locationcategory) VALUES ('Behendigheid', 'Balanceerbalk', 'evenwichtstoestel', 'Behendigheid/Balanceerbalk', 10, 15, 19);
INSERT INTO playmapping_type_group (categorie, assettype, groep, catasset, id, equipment_type, locationcategory) VALUES ('Behendigheid', 'Hangbrug', 'evenwichtstoestel', 'Behendigheid/Hangbrug', 11, 15, 19);
INSERT INTO playmapping_type_group (categorie, assettype, groep, catasset, id, equipment_type, locationcategory) VALUES ('Behendigheid', 'Loopbrug', 'evenwichtstoestel', 'Behendigheid/Loopbrug', 12, 15, 19);
INSERT INTO playmapping_type_group (categorie, assettype, groep, catasset, id, equipment_type, locationcategory) VALUES ('Behendigheid', 'Wiebelplaat', 'evenwichtstoestel', 'Behendigheid/Wiebelplaat', 13, 15, 19);
INSERT INTO playmapping_type_group (categorie, assettype, groep, catasset, id, equipment_type, locationcategory) VALUES ('Veiligheidsondergrond', 'Boomschors', 'franse schors', 'Veiligheidsondergrond/Boomschors', 15, null, 19);
INSERT INTO playmapping_type_group (categorie, assettype, groep, catasset, id, equipment_type, locationcategory) VALUES ('Klimtoestellen', 'Anders (specificeer in naam veld)', 'klimelement', 'Klimtoestellen/Anders (specificeer in naam veld)', 16, 5, 19);
INSERT INTO playmapping_type_group (categorie, assettype, groep, catasset, id, equipment_type, locationcategory) VALUES ('Klimtoestellen', 'Frame', 'klimelement', 'Klimtoestellen/Frame', 17, 5, 19);
INSERT INTO playmapping_type_group (categorie, assettype, groep, catasset, id, equipment_type, locationcategory) VALUES ('Klimtoestellen', 'Frame & net', 'klimelement', 'Klimtoestellen/Frame & net', 18, 14, 19);
INSERT INTO playmapping_type_group (categorie, assettype, groep, catasset, id, equipment_type, locationcategory) VALUES ('Speeltoestellen', 'Klimtoestellen', 'klimelement', 'Speeltoestellen/Klimtoestellen', 19, 5, 19);
INSERT INTO playmapping_type_group (categorie, assettype, groep, catasset, id, equipment_type, locationcategory) VALUES ('Klimtoestellen', 'Klimwand', 'klimelement', 'Klimtoestellen/Klimwand', 20, 5, 19);
INSERT INTO playmapping_type_group (categorie, assettype, groep, catasset, id, equipment_type, locationcategory) VALUES ('Behendigheid', 'Knikkertegel', 'knikkertegel', 'Behendigheid/Knikkertegel', 21, 15, 19);
INSERT INTO playmapping_type_group (categorie, assettype, groep, catasset, id, equipment_type, locationcategory) VALUES ('Ondergrond algemeen', 'Kunstgras (zonder valdempende onderbouw)', 'kunstgras foam en zandbed', 'Ondergrond algemeen/Kunstgras (zonder valdempende onderbouw)', 22, null, 19);
INSERT INTO playmapping_type_group (categorie, assettype, groep, catasset, id, equipment_type, locationcategory) VALUES ('Veiligheidsondergrond', 'Veiligheidsgras', 'kunstgras polyethyleen', 'Veiligheidsondergrond/Veiligheidsgras', 23, null, 19);
INSERT INTO playmapping_type_group (categorie, assettype, groep, catasset, id, equipment_type, locationcategory) VALUES ('Behendigheid', 'Duikelrek - meerdelig', 'meerdelig duikelrek', 'Behendigheid/Duikelrek - meerdelig', 24, 15, 19);
INSERT INTO playmapping_type_group (categorie, assettype, groep, catasset, id, equipment_type, locationcategory) VALUES ('Wiptoestellen', 'Type 2B - Enkelpunts - Meerdere richtingen', 'meerpersoons wipveer', 'Wiptoestellen/Type 2B - Enkelpunts - Meerdere richtingen', 25, 3, 19);
INSERT INTO playmapping_type_group (categorie, assettype, groep, catasset, id, equipment_type, locationcategory) VALUES ('Wiptoestellen', 'Type 3A - Meerpunts - 1 richting', 'meerpersoons wipveer', 'Wiptoestellen/Type 3A - Meerpunts - 1 richting', 26, 3, 19);
INSERT INTO playmapping_type_group (categorie, assettype, groep, catasset, id, equipment_type, locationcategory) VALUES ('Wiptoestellen', 'Type 3B - Meerpunts - Meerdere richtingen', 'meerpersoons wipveer', 'Wiptoestellen/Type 3B - Meerpunts - Meerdere richtingen', 27, 3, 19);
INSERT INTO playmapping_type_group (categorie, assettype, groep, catasset, id, equipment_type, locationcategory) VALUES ('Speeltoestellen', 'Sociaal spel', 'poef', 'Speeltoestellen/Sociaal spel', 30, 16, 19);
INSERT INTO playmapping_type_group (categorie, assettype, groep, catasset, id, equipment_type, locationcategory) VALUES ('Veiligheidsondergrond', 'Rubbertegels', 'rubber-betontegels 30 x 30', 'Veiligheidsondergrond/Rubbertegels', 31, null, 19);
INSERT INTO playmapping_type_group (categorie, assettype, groep, catasset, id, equipment_type, locationcategory) VALUES ('Veiligheidsondergrond', 'Rubbertegels 50x50', 'rubber-betontegels 30 x 30', 'Veiligheidsondergrond/Rubbertegels 50x50', 32, null, 19);
INSERT INTO playmapping_type_group (categorie, assettype, groep, catasset, id, equipment_type, locationcategory) VALUES ('Klimtoestellen', 'Net', 'ruimtenet', 'Klimtoestellen/Net', 33, 14, 19);
INSERT INTO playmapping_type_group (categorie, assettype, groep, catasset, id, equipment_type, locationcategory) VALUES ('Schommel', 'Anders (specificeer in naam veld)', 'schommel', 'Schommel/Anders (specificeer in naam veld)', 34, 2, 19);
INSERT INTO playmapping_type_group (categorie, assettype, groep, catasset, id, equipment_type, locationcategory) VALUES ('Speeltoestellen', 'Schommel', 'schommel', 'Speeltoestellen/Schommel', 35, 2, 19);
INSERT INTO playmapping_type_group (categorie, assettype, groep, catasset, id, equipment_type, locationcategory) VALUES ('Schommel', 'Type 1 - Rotatie om 1 as', 'schommel', 'Schommel/Type 1 - Rotatie om 1 as', 36, 2, 19);
INSERT INTO playmapping_type_group (categorie, assettype, groep, catasset, id, equipment_type, locationcategory) VALUES ('Schommel', 'Type 2 - Rotatie op meerdere assen', 'schommel', 'Schommel/Type 2 - Rotatie op meerdere assen', 37, 2, 19);
INSERT INTO playmapping_type_group (categorie, assettype, groep, catasset, id, equipment_type, locationcategory) VALUES ('Schommel', 'Type 3 - Rotatie om 1 punt (Bandenzwaai)', 'schommel', 'Schommel/Type 3 - Rotatie om 1 punt (Bandenzwaai)', 38, 2, 19);
INSERT INTO playmapping_type_group (categorie, assettype, groep, catasset, id, equipment_type, locationcategory) VALUES ('Sociaal spel', 'Speelhuis', 'speelhuis', 'Sociaal spel/Speelhuis', 41, 12, 19);
INSERT INTO playmapping_type_group (categorie, assettype, groep, catasset, id, equipment_type, locationcategory) VALUES ('Speeltoestellen', 'Anders', 'speelprikkel divers', 'Speeltoestellen/Anders', 42, null, 19);
INSERT INTO playmapping_type_group (categorie, assettype, groep, catasset, id, equipment_type, locationcategory) VALUES ('Waterspel', 'Anders (specificeer in naam veld)', 'speelprikkel divers', 'Waterspel/Anders (specificeer in naam veld)', 43, 10, 19);
INSERT INTO playmapping_type_group (categorie, assettype, groep, catasset, id, equipment_type, locationcategory) VALUES ('Behendigheid', 'Kruipbuis', 'speelprikkel divers', 'Behendigheid/Kruipbuis', 44, 15, 19);
INSERT INTO playmapping_type_group (categorie, assettype, groep, catasset, id, equipment_type, locationcategory) VALUES ('Behendigheid', 'Pleinplakkers', 'speelprikkel divers', 'Behendigheid/Pleinplakkers', 45, 15, 19);
INSERT INTO playmapping_type_group (categorie, assettype, groep, catasset, id, equipment_type, locationcategory) VALUES ('Waterspel', 'Pompen en spelen', 'speelprikkel divers', 'Waterspel/Pompen en spelen', 46, 10, 19);
INSERT INTO playmapping_type_group (categorie, assettype, groep, catasset, id, equipment_type, locationcategory) VALUES ('Waterspel', 'Pontje', 'speelprikkel divers', 'Waterspel/Pontje', 47, 10, 19);
INSERT INTO playmapping_type_group (categorie, assettype, groep, catasset, id, equipment_type, locationcategory) VALUES ('Sociaal spel', 'Speel boot', 'speelprikkel divers', 'Sociaal spel/Speel boot', 48, null, 19);
INSERT INTO playmapping_type_group (categorie, assettype, groep, catasset, id, equipment_type, locationcategory) VALUES ('Sociaal spel', 'Speel paneel', 'speelprikkel divers', 'Sociaal spel/Speel paneel', 49, null, 19);
INSERT INTO playmapping_type_group (categorie, assettype, groep, catasset, id, equipment_type, locationcategory) VALUES ('Sociaal spel', 'Speelaanleiding', 'speelprikkel divers', 'Sociaal spel/Speelaanleiding', 50, 18, 19);
INSERT INTO playmapping_type_group (categorie, assettype, groep, catasset, id, equipment_type, locationcategory) VALUES ('Speeltoestellen', 'speelprikkel divers', 'speelprikkel divers', 'Speeltoestellen/speelprikkel divers', 51, null, 19);
INSERT INTO playmapping_type_group (categorie, assettype, groep, catasset, id, equipment_type, locationcategory) VALUES ('Speeltoestellen', 'Zand spel', 'zandbak', 'Speeltoestellen/Zand spel', 52, 8, 19);
INSERT INTO playmapping_type_group (categorie, assettype, groep, catasset, id, equipment_type, locationcategory) VALUES ('Zand spel', 'Zandbak', 'zandbak', 'Zand spel/Zandbak', 53, 8, 19);
INSERT INTO playmapping_type_group (categorie, assettype, groep, catasset, id, equipment_type, locationcategory) VALUES ('Zand spel', 'Anders (specificeer in naam veld)', 'zandspeeltoestel', 'Zand spel/Anders (specificeer in naam veld)', 54, 8, 19);
INSERT INTO playmapping_type_group (categorie, assettype, groep, catasset, id, equipment_type, locationcategory) VALUES ('Zand spel', 'Zand spel', 'zandspeeltoestel', 'Zand spel/Zand spel', 55, 8, 19);
INSERT INTO playmapping_type_group (categorie, assettype, groep, catasset, id, equipment_type, locationcategory) VALUES ('Ondergrond algemeen', 'Water', '', 'Ondergrond algemeen/Water', 56, null, 19);
INSERT INTO playmapping_type_group (categorie, assettype, groep, catasset, id, equipment_type, locationcategory) VALUES ('Behendigheid', 'Trim parcours', NULL, 'Behendigheid/Trim parcours', 57, 15, 19);
INSERT INTO playmapping_type_group (categorie, assettype, groep, catasset, id, equipment_type, locationcategory) VALUES ('Binnenvloer', 'Linoleum', NULL, 'Binnenvloer/Linoleum', 58, null, 19);
INSERT INTO playmapping_type_group (categorie, assettype, groep, catasset, id, equipment_type, locationcategory) VALUES (NULL, 'Faciliteiten', NULL, 'Faciliteiten', 59, null, 19);
INSERT INTO playmapping_type_group (categorie, assettype, groep, catasset, id, equipment_type, locationcategory) VALUES ('Faciliteiten', 'Kunstobjecten', NULL, 'Faciliteiten/Kunstobjecten', 60, null, 19);
INSERT INTO playmapping_type_group (categorie, assettype, groep, catasset, id, equipment_type, locationcategory) VALUES ('Natuurlijke elementen', 'Natuurlijke elementen/anders', NULL, 'Natuurlijke elementen/Natuurlijke elementen/anders', 61, null, 19);
INSERT INTO playmapping_type_group (categorie, assettype, groep, catasset, id, equipment_type, locationcategory) VALUES ('Glijbaan', 'Aangebouwd - Type 1 uitloop - Traditioneel', 'glijbaan hoog', 'Glijbaan/Aangebouwd - Type 1 uitloop - Traditioneel', 62, 1, 19);
INSERT INTO playmapping_type_group (categorie, assettype, groep, catasset, id, equipment_type, locationcategory) VALUES ('Glijbaan', 'Vrijstaand - Type 2 uitloop - Traditioneel', 'glijbaan hoog', 'Glijbaan/Vrijstaand - Type 2 uitloop - Traditioneel', 63, 1, 19);
INSERT INTO playmapping_type_group (categorie, assettype, groep, catasset, id, equipment_type, locationcategory) VALUES ('Ondergrond algemeen', 'Zandbak/speelzand', 'valdempend zand', 'Ondergrond algemeen/Zandbak/speelzand', 64, null, 19);
INSERT INTO playmapping_type_group (categorie, assettype, groep, catasset, id, equipment_type, locationcategory) VALUES ('Behendigheid', 'Turn brug', 'evenwichtstoestel', 'Behendigheid/Turn brug', 65, 15, 19);
INSERT INTO playmapping_type_group (categorie, assettype, groep, catasset, id, equipment_type, locationcategory) VALUES ('Carrousel', 'Type C Hang- en zweefmolens', 'draaitoestel groot', 'Carrousel/Type C Hang- en zweefmolens', 67, 7, 19);
INSERT INTO playmapping_type_group (categorie, assettype, groep, catasset, id, equipment_type, locationcategory) VALUES (NULL, NULL, 'afscheiding', NULL, 68, null, 19);
INSERT INTO playmapping_type_group (categorie, assettype, groep, catasset, id, equipment_type, locationcategory) VALUES (NULL, NULL, 'afvalbak', NULL, 69, null, 19);
INSERT INTO playmapping_type_group (categorie, assettype, groep, catasset, id, equipment_type, locationcategory) VALUES (NULL, NULL, 'ballenvanger', NULL, 70, null, 19);
INSERT INTO playmapping_type_group (categorie, assettype, groep, catasset, id, equipment_type, locationcategory) VALUES (NULL, NULL, 'combinatie groot', NULL, 71, 6, 19);
INSERT INTO playmapping_type_group (categorie, assettype, groep, catasset, id, equipment_type, locationcategory) VALUES (NULL, NULL, 'skateboard klein', NULL, 72, null, 9);
INSERT INTO playmapping_type_group (categorie, assettype, groep, catasset, id, equipment_type, locationcategory) VALUES (NULL, 'Anders lage rotator', 'draaitoestel klein', 'Anders lage rotator', 74, 7, 19);
INSERT INTO playmapping_type_group (categorie, assettype, groep, catasset, id, equipment_type, locationcategory) VALUES (NULL, 'Type A Draaiende stoeltjes', 'draaitoestel klein', 'Type A Draaiende stoeltjes', 75, 7, 19);
INSERT INTO playmapping_type_group (categorie, assettype, groep, catasset, id, equipment_type, locationcategory) VALUES (NULL, 'Type E Reuzen draaischijf', 'draaitoestel klein', 'Type E Reuzen draaischijf', 76, 7, 19);
INSERT INTO playmapping_type_group (categorie, assettype, groep, catasset, id, equipment_type, locationcategory) VALUES (NULL, 'Behendigheid', 'enkel duikelrek', 'Behendigheid', 77, 11, 19);
INSERT INTO playmapping_type_group (categorie, assettype, groep, catasset, id, equipment_type, locationcategory) VALUES (NULL, 'Enterrek', 'enkel duikelrek', 'Enterrek', 78, 11, 19);
INSERT INTO playmapping_type_group (categorie, assettype, groep, catasset, id, equipment_type, locationcategory) VALUES (NULL, 'Looptouw', 'evenwichtstoestel', 'Looptouw', 79, 15, 19);
INSERT INTO playmapping_type_group (categorie, assettype, groep, catasset, id, equipment_type, locationcategory) VALUES (NULL, 'Turn brug', 'evenwichtstoestel', 'Turn brug', 80, 15, 19);
INSERT INTO playmapping_type_group (categorie, assettype, groep, catasset, id, equipment_type, locationcategory) VALUES ('Ondergrond algemeen', 'Asfalt', 'asfaltvloer', 'Ondergrond algemeen/Asfalt', 81, null, 19);
INSERT INTO playmapping_type_group (categorie, assettype, groep, catasset, id, equipment_type, locationcategory) VALUES ('Ondergrond algemeen', 'Asfaltbeton', 'asfaltvloer', 'Ondergrond algemeen/Asfaltbeton', 82, null, 19);
INSERT INTO playmapping_type_group (categorie, assettype, groep, catasset, id, equipment_type, locationcategory) VALUES ('Zitgelegenheden', 'Bank', 'bank', 'Zitgelegenheden/Bank', 83, null, 19);
INSERT INTO playmapping_type_group (categorie, assettype, groep, catasset, id, equipment_type, locationcategory) VALUES ('Ondergrond algemeen', 'Beton', 'betonvloer (skaten)', 'Ondergrond algemeen/Beton', 87, null, 19);
INSERT INTO playmapping_type_group (categorie, assettype, groep, catasset, id, equipment_type, locationcategory) VALUES ('Ondergrond algemeen', 'Betontegels', 'betonvloer (skaten)', 'Ondergrond algemeen/Betontegels', 88, null, 19);
INSERT INTO playmapping_type_group (categorie, assettype, groep, catasset, id, equipment_type, locationcategory) VALUES ('Ondergrond algemeen', 'Betontegels 30 x 30', 'betonvloer (skaten)', 'Ondergrond algemeen/Betontegels 30 x 30', 89, null, 19);
INSERT INTO playmapping_type_group (categorie, assettype, groep, catasset, id, equipment_type, locationcategory) VALUES ('Ondergrond algemeen', 'Stelcon platen', 'betonvloer (skaten)', 'Ondergrond algemeen/Stelcon platen', 90, null, 19);
INSERT INTO playmapping_type_group (categorie, assettype, groep, catasset, id, equipment_type, locationcategory) VALUES ('Behendigheid', 'Bokspringpalen', 'bokspringpaal (set)', 'Behendigheid/Bokspringpalen', 91, 15, 19);
INSERT INTO playmapping_type_group (categorie, assettype, groep, catasset, id, equipment_type, locationcategory) VALUES ('Ondergrond algemeen', 'Gras', 'Bumpgrass natuurlijke toplaag van gras ', 'Ondergrond algemeen/Gras', 92, null, 19);
INSERT INTO playmapping_type_group (categorie, assettype, groep, catasset, id, equipment_type, locationcategory) VALUES ('Ondergrond algemeen', 'Gras / grond', 'Bumpgrass natuurlijke toplaag van gras ', 'Ondergrond algemeen/Gras / grond', 93, null, 19);
INSERT INTO playmapping_type_group (categorie, assettype, groep, catasset, id, equipment_type, locationcategory) VALUES ('Schommel', 'Type 2 - Rotatie op meerdere assen', 'combinatie klein', 'Schommel/Type 2 - Rotatie op meerdere assen', 94, 2, 19);
INSERT INTO playmapping_type_group (categorie, assettype, groep, catasset, id, equipment_type, locationcategory) VALUES ('Schommel', 'Speel platform', 'schommel', 'Schommel/Type 4 - Contactschommel', 104, 2, 19);
INSERT INTO playmapping_type_group (categorie, assettype, groep, catasset, id, equipment_type, locationcategory) VALUES ('Sociaal spel', 'Speel platform', 'speelprikkel divers', 'Sociaal spel/Speel platform', 105, 18, 19);
INSERT INTO playmapping_type_group (categorie, assettype, groep, catasset, id, equipment_type, locationcategory) VALUES ('Sociaal spel', 'Speeltafel', 'speelprikkel divers', 'Sociaal spel/Speeltafel', 106, 18, 19);
INSERT INTO playmapping_type_group (categorie, assettype, groep, catasset, id, equipment_type, locationcategory) VALUES ('Speeltoestellen', 'Wiptoestellen', 'wip', 'Speeltoestellen/Wiptoestellen', 107, 3, 19);
INSERT INTO playmapping_type_group (categorie, assettype, groep, catasset, id, equipment_type, locationcategory) VALUES ('Veiligheidsondergrond', 'Gras', 'Bumpgrass natuurlijke toplaag van gras ', 'Veiligheidsondergrond/Gras', 108, null, 19);
INSERT INTO playmapping_type_group (categorie, assettype, groep, catasset, id, equipment_type, locationcategory) VALUES ('Veiligheidsondergrond', 'Rubbertegels 100x100', 'rubbertegels 100 x 100', 'Veiligheidsondergrond/Rubbertegels 100x100', 109, null, 19);
INSERT INTO playmapping_type_group (categorie, assettype, groep, catasset, id, equipment_type, locationcategory) VALUES ('Veiligheidsondergrond', 'Rubbertegels 30x30', 'rubbertegels 100 x 100', 'Veiligheidsondergrond/Rubbertegels 30x30', 110, null, 19);
INSERT INTO playmapping_type_group (categorie, assettype, groep, catasset, id, equipment_type, locationcategory) VALUES ('Veiligheidsondergrond', 'Valdempend Kunstgras', 'kunstgras polyethyleen', 'Veiligheidsondergrond/Valdempend Kunstgras', 111, null, 19);
INSERT INTO playmapping_type_group (categorie, assettype, groep, catasset, id, equipment_type, locationcategory) VALUES ('Wiptoestellen', 'Anders (specificeer in naam veld)', 'wip', 'Wiptoestellen/Anders (specificeer in naam veld)', 112, 3, 19);
INSERT INTO playmapping_type_group (categorie, assettype, groep, catasset, id, equipment_type, locationcategory) VALUES ('Wiptoestellen', 'Type 6 - Schommelwip met enkelvoudige hoge as', 'wip', 'Wiptoestellen/Type 6 - Schommelwip met enkelvoudige hoge as', 113, 3, 19);
INSERT INTO playmapping_type_group (categorie, assettype, groep, catasset, id, equipment_type, locationcategory) VALUES ('Zand spel', 'Tafel', 'zandspeeltoestel', 'Zand spel/Tafel', 114, 8, 19);
INSERT INTO playmapping_type_group (categorie, assettype, groep, catasset, id, equipment_type, locationcategory) VALUES (NULL, NULL, 'halfverharding (gralux)', NULL, 115, null, 19);
INSERT INTO playmapping_type_group (categorie, assettype, groep, catasset, id, equipment_type, locationcategory) VALUES (NULL, 'Vrijstaand - Type 2 uitloop - Traditioneel', 'glijbaan laag', 'Vrijstaand - Type 2 uitloop - Traditioneel', 116, 1, 19);
INSERT INTO playmapping_type_group (categorie, assettype, groep, catasset, id, equipment_type, locationcategory) VALUES (NULL, 'Grind', 'Grind', 'Grind', 117, null, 19);
INSERT INTO playmapping_type_group (categorie, assettype, groep, catasset, id, equipment_type, locationcategory) VALUES (NULL, 'Houtsnippers', 'houtsnipper: gekleurd verkleind/gezeefd', 'Houtsnippers', 118, null, 19);
INSERT INTO playmapping_type_group (categorie, assettype, groep, catasset, id, equipment_type, locationcategory) VALUES (NULL, 'Aangebouwd- Type 2 uitloop - Traditioneel', 'klimelement', 'Aangebouwd- Type 2 uitloop - Traditioneel', 119, null, 19);
INSERT INTO playmapping_type_group (categorie, assettype, groep, catasset, id, equipment_type, locationcategory) VALUES (NULL, 'Duoslaper', 'klimelement', 'Duoslaper', 120, null, 19);
INSERT INTO playmapping_type_group (categorie, assettype, groep, catasset, id, equipment_type, locationcategory) VALUES ('Glijbaan', 'Vrijstaand - Type 1', 'glijbaan hoog', 'Glijbaan/Vrijstaand - Type 1', 121, 1, 19);
INSERT INTO playmapping_type_group (categorie, assettype, groep, catasset, id, equipment_type, locationcategory) VALUES ('Speeltoestellen', 'Glijbaan', 'glijbaan laag', 'Speeltoestellen/Glijbaan', 122, 1, 19);
INSERT INTO playmapping_type_group (categorie, assettype, groep, catasset, id, equipment_type, locationcategory) VALUES ('Glijbaan', 'Vrijstaand - Type 1 uitloop - Traditioneel', 'glijbaan laag', 'Glijbaan/Vrijstaand - Type 1 uitloop - Traditioneel', 123, 1, 19);
INSERT INTO playmapping_type_group (categorie, assettype, groep, catasset, id, equipment_type, locationcategory) VALUES ('Glijbaan', 'Vrijstaand - Type 2', 'glijbaan laag', 'Glijbaan/Vrijstaand - Type 2', 124, 1, 19);
INSERT INTO playmapping_type_group (categorie, assettype, groep, catasset, id, equipment_type, locationcategory) VALUES ('Ondergrond algemeen', 'Gravel', 'Grind', 'Ondergrond algemeen/Gravel', 125, null, 19);
INSERT INTO playmapping_type_group (categorie, assettype, groep, catasset, id, equipment_type, locationcategory) VALUES ('Behendigheid', 'Hinkelbaan', 'hinkelbaan', 'Behendigheid/Hinkelbaan', 126, 15, 19);
INSERT INTO playmapping_type_group (categorie, assettype, groep, catasset, id, equipment_type, locationcategory) VALUES ('Veiligheidsondergrond', 'Gesmeerde insitu rubber vloer', 'in-situ /gegoten rubber', 'Veiligheidsondergrond/Gesmeerde insitu rubber vloer', 127, null, 19);
INSERT INTO playmapping_type_group (categorie, assettype, groep, catasset, id, equipment_type, locationcategory) VALUES ('Sociaal spel', 'JOP', 'JOP', 'Sociaal spel/JOP', 130, 18, 19);
INSERT INTO playmapping_type_group (categorie, assettype, groep, catasset, id, equipment_type, locationcategory) VALUES ('Kabelbaan', 'Kabelbaan', 'kabelbaan', 'Kabelbaan/Kabelbaan', 131, 13, 19);
INSERT INTO playmapping_type_group (categorie, assettype, groep, catasset, id, equipment_type, locationcategory) VALUES ('Speeltoestellen', 'Kabelbaan', 'kabelbaan', 'Speeltoestellen/Kabelbaan', 132, 13, 19);
INSERT INTO playmapping_type_group (categorie, assettype, groep, catasset, id, equipment_type, locationcategory) VALUES ('Behendigheid', 'Aaneengeschakelde toestellen', 'klimelement', 'Behendigheid/Aaneengeschakelde toestellen', 133, 5, 19);
INSERT INTO playmapping_type_group (categorie, assettype, groep, catasset, id, equipment_type, locationcategory) VALUES (NULL, NULL, 'grastrapveld  (excl. drainage)', NULL, 138, null, 19);
INSERT INTO playmapping_type_group (categorie, assettype, groep, catasset, id, equipment_type, locationcategory) VALUES (NULL, NULL, 'hekwerk', NULL, 139, null, 19);
INSERT INTO playmapping_type_group (categorie, assettype, groep, catasset, id, equipment_type, locationcategory) VALUES (NULL, NULL, 'houtsnipper: gekleurde vezel', NULL, 140, null, 19);
INSERT INTO playmapping_type_group (categorie, assettype, groep, catasset, id, equipment_type, locationcategory) VALUES (NULL, NULL, 'kunst', NULL, 141, null, 19);
INSERT INTO playmapping_type_group (categorie, assettype, groep, catasset, id, equipment_type, locationcategory) VALUES (NULL, NULL, 'pannaveld klein', NULL, 142, 16, 19);
INSERT INTO playmapping_type_group (categorie, assettype, groep, catasset, id, equipment_type, locationcategory) VALUES (NULL, NULL, 'picknickset', NULL, 143, null, 19);
INSERT INTO playmapping_type_group (categorie, assettype, groep, catasset, id, equipment_type, locationcategory) VALUES (NULL, NULL, 'rubbertegels 100 x 100', NULL, 144, null, 19);
INSERT INTO playmapping_type_group (categorie, assettype, groep, catasset, id, equipment_type, locationcategory) VALUES (NULL, NULL, 'rubbertegels op zand', NULL, 145, null, 19);
INSERT INTO playmapping_type_group (categorie, assettype, groep, catasset, id, equipment_type, locationcategory) VALUES (NULL, NULL, 'schaaktafel', NULL, 146, null, 19);
INSERT INTO playmapping_type_group (categorie, assettype, groep, catasset, id, equipment_type, locationcategory) VALUES (NULL, NULL, 'speeltafel', NULL, 147, null, 19);
INSERT INTO playmapping_type_group (categorie, assettype, groep, catasset, id, equipment_type, locationcategory) VALUES (NULL, NULL, 'uitgebreide combinatietoestel', NULL, 148, 6, 19);
INSERT INTO playmapping_type_group (categorie, assettype, groep, catasset, id, equipment_type, locationcategory) VALUES (NULL, NULL, 'uitgebreide klimtorens', NULL, 149, 5, 19);
INSERT INTO playmapping_type_group (categorie, assettype, groep, catasset, id, equipment_type, locationcategory) VALUES (NULL, NULL, 'voetbal-basketbaldoel', NULL, 150, 16, 19);
INSERT INTO playmapping_type_group (categorie, assettype, groep, catasset, id, equipment_type, locationcategory) VALUES (NULL, 'Eigen bouw', 'klimelement', 'Eigen bouw', 151, 5, 19);
INSERT INTO playmapping_type_group (categorie, assettype, groep, catasset, id, equipment_type, locationcategory) VALUES (NULL, 'Valdempend Kunstgras', 'kunstgras polyethyleen', 'Valdempend Kunstgras', 152, null, 19);
INSERT INTO playmapping_type_group (categorie, assettype, groep, catasset, id, equipment_type, locationcategory) VALUES (NULL, 'Basketbal veld', 'kunstgrastrapvelden', 'Basketbal veld', 153, 16, 8);
INSERT INTO playmapping_type_group (categorie, assettype, groep, catasset, id, equipment_type, locationcategory) VALUES (NULL, 'Tennis banen', 'kunstgrastrapvelden', 'Tennis banen', 154, 16, 26);
INSERT INTO playmapping_type_group (categorie, assettype, groep, catasset, id, equipment_type, locationcategory) VALUES (NULL, 'Rubbertegels 30x30', 'rubber-betontegels 30 x 30', 'Rubbertegels 30x30', 155, null, 19);
INSERT INTO playmapping_type_group (categorie, assettype, groep, catasset, id, equipment_type, locationcategory) VALUES (NULL, 'Rubber grastegels', 'rubbertegels ', 'Rubber grastegels', 156, null, 19);
INSERT INTO playmapping_type_group (categorie, assettype, groep, catasset, id, equipment_type, locationcategory) VALUES (NULL, 'Anders (migratie)', 'speelprikkel divers', 'Anders (migratie)', 166, null, 19);
INSERT INTO playmapping_type_group (categorie, assettype, groep, catasset, id, equipment_type, locationcategory) VALUES (NULL, 'Speeltoestellen', 'speelprikkel divers', 'Speeltoestellen', 167, null, 19);
INSERT INTO playmapping_type_group (categorie, assettype, groep, catasset, id, equipment_type, locationcategory) VALUES (NULL, 'Speeltafel', 'speeltafel', 'Speeltafel', 168, null, 19);
INSERT INTO playmapping_type_group (categorie, assettype, groep, catasset, id, equipment_type, locationcategory) VALUES (NULL, 'Wiptoestellen', 'wipveer', 'Wiptoestellen', 170, 3, 19);
INSERT INTO playmapping_type_group (categorie, assettype, groep, catasset, id, equipment_type, locationcategory) VALUES (NULL, 'Telefoon palen', '', 'Telefoon palen', 171, null, 19);
INSERT INTO playmapping_type_group (categorie, assettype, groep, catasset, id, equipment_type, locationcategory) VALUES ('Sociaal spel', 'Speeltrein', 'speelprikkel divers', 'Sociaal spel/Speeltrein', 172, 17, 19);
INSERT INTO playmapping_type_group (categorie, assettype, groep, catasset, id, equipment_type, locationcategory) VALUES ('Behendigheid', 'Stapstenen', 'speelprikkel divers', 'Behendigheid/Stapstenen', 173, 15, 19);
INSERT INTO playmapping_type_group (categorie, assettype, groep, catasset, id, equipment_type, locationcategory) VALUES ('Glijbaan', 'Tallud / helling - Type 2 uitloop - Traditioneel', 'taludglijbaan', 'Glijbaan/Tallud / helling - Type 2 uitloop - Traditioneel', 175, 1, 19);
INSERT INTO playmapping_type_group (categorie, assettype, groep, catasset, id, equipment_type, locationcategory) VALUES ('Glijbaan', 'Talud / helling - Type 1', 'taludglijbaan', 'Glijbaan/Talud / helling - Type 1', 176, 1, 19);
INSERT INTO playmapping_type_group (categorie, assettype, groep, catasset, id, equipment_type, locationcategory) VALUES ('Ondergrond algemeen', 'Grond', 'valdempend zand', 'Ondergrond algemeen/Grond', 177, null, 19);
INSERT INTO playmapping_type_group (categorie, assettype, groep, catasset, id, equipment_type, locationcategory) VALUES ('Veiligheidsondergrond', 'Valdempend Zand', 'valdempend zand', 'Veiligheidsondergrond/Valdempend Zand', 178, null, 19);
INSERT INTO playmapping_type_group (categorie, assettype, groep, catasset, id, equipment_type, locationcategory) VALUES ('Wiptoestellen', 'Type 1 - wip 1 richting', 'wip', 'Wiptoestellen/Type 1 - wip 1 richting', 182, 3, 19);
INSERT INTO playmapping_type_group (categorie, assettype, groep, catasset, id, equipment_type, locationcategory) VALUES ('Wiptoestellen', 'Type 2A - Enkelpunts - 1 richting', 'wipveer', 'Wiptoestellen/Type 2A - Enkelpunts - 1 richting', 183, 3, 19);
INSERT INTO playmapping_type_group (categorie, assettype, groep, catasset, id, equipment_type, locationcategory) VALUES ('Speeltoestellen', 'Combinatietoestellen', 'combinatie middel', 'Speeltoestellen/Combinatietoestellen', 1, 6, 19);
INSERT INTO playmapping_type_group (categorie, assettype, groep, catasset, id, equipment_type, locationcategory) VALUES ('Combinatietoestellen', 'Glijbaan aan huisje', 'combinatie middel', 'Combinatietoestellen/Glijbaan aan huisje', 2, 12, 19);
INSERT INTO playmapping_type_group (categorie, assettype, groep, catasset, id, equipment_type, locationcategory) VALUES ('Rijdend spel', 'Skateboard - Anders', 'skateboard groot', 'Rijdend spel/Skateboard - Anders', 39, 17, 9);
INSERT INTO playmapping_type_group (categorie, assettype, groep, catasset, id, equipment_type, locationcategory) VALUES ('Rijdend spel', 'Anders (specificeer in naam veld)', 'skateboard middel', 'Rijdend spel/Anders (specificeer in naam veld)', 40, 17, 9);
INSERT INTO playmapping_type_group (categorie, assettype, groep, catasset, id, equipment_type, locationcategory) VALUES ('Combinatietoestellen', 'Combinatie - Peuter', 'combinatie middel', 'Combinatietoestellen/Combinatie - Peuter', 66, 6, 19);
INSERT INTO playmapping_type_group (categorie, assettype, groep, catasset, id, equipment_type, locationcategory) VALUES (NULL, 'Combinatie - Peuter', 'combinatie middel', 'Combinatie - Peuter', 73, 6, 19);
INSERT INTO playmapping_type_group (categorie, assettype, groep, catasset, id, equipment_type, locationcategory) VALUES ('Combinatietoestellen', 'Anders (Specifceer in veld)', 'combinatie middel', 'Combinatietoestellen/Anders (Specifceer in veld)', 95, 6, 19);
INSERT INTO playmapping_type_group (categorie, assettype, groep, catasset, id, equipment_type, locationcategory) VALUES ('Anders', 'Anders (Specificeer in naam veld)', 'combinatie middel', 'Anders/Anders (Specificeer in naam veld)', 96, 6, 19);
INSERT INTO playmapping_type_group (categorie, assettype, groep, catasset, id, equipment_type, locationcategory) VALUES ('Glijbaan', 'Anders (specificeer in naam veld)', 'combinatie middel', 'Glijbaan/Anders (specificeer in naam veld)', 97, 1, 19);
INSERT INTO playmapping_type_group (categorie, assettype, groep, catasset, id, equipment_type, locationcategory) VALUES ('Combinatietoestellen', 'Combinatie - Kind', 'combinatie middel', 'Combinatietoestellen/Combinatie - Kind', 98, 6, 19);
INSERT INTO playmapping_type_group (categorie, assettype, groep, catasset, id, equipment_type, locationcategory) VALUES ('Combinatietoestellen', 'Combinatie - Kleuter', 'combinatie middel', 'Combinatietoestellen/Combinatie - Kleuter', 99, 6, 19);
INSERT INTO playmapping_type_group (categorie, assettype, groep, catasset, id, equipment_type, locationcategory) VALUES ('Rijdend spel', 'Skateboard - Pyramid', 'skateboard middel', 'Rijdend spel/Skateboard - Pyramid', 100, 17, 9);
INSERT INTO playmapping_type_group (categorie, assettype, groep, catasset, id, equipment_type, locationcategory) VALUES ('Rijdend spel', 'Skateboard - Ramp', 'skateboard middel', 'Rijdend spel/Skateboard - Ramp', 101, 17, 9);
INSERT INTO playmapping_type_group (categorie, assettype, groep, catasset, id, equipment_type, locationcategory) VALUES ('Rijdend spel', 'Skateboard - Spine', 'skateboard middel', 'Rijdend spel/Skateboard - Spine', 102, 17, 9);
INSERT INTO playmapping_type_group (categorie, assettype, groep, catasset, id, equipment_type, locationcategory) VALUES ('Rijdend spel', 'Skateboard -  Faciliteit', 'skateboard middel', 'Rijdend spel/Skateboard -  Faciliteit', 103, 17, 9);
INSERT INTO playmapping_type_group (categorie, assettype, groep, catasset, id, equipment_type, locationcategory) VALUES ('Rijdend spel', 'Skateboard - Bench', 'skateboard middel', 'Rijdend spel/Skateboard - Bench', 134, 17, 9);
INSERT INTO playmapping_type_group (categorie, assettype, groep, catasset, id, equipment_type, locationcategory) VALUES ('Rijdend spel', 'Skateboard - Fun Box', 'skateboard middel', 'Rijdend spel/Skateboard - Fun Box', 135, 17, 9);
INSERT INTO playmapping_type_group (categorie, assettype, groep, catasset, id, equipment_type, locationcategory) VALUES ('Rijdend spel', 'Skateboard - Grind Rail', 'skateboard middel', 'Rijdend spel/Skateboard - Grind Rail', 136, 17, 9);
INSERT INTO playmapping_type_group (categorie, assettype, groep, catasset, id, equipment_type, locationcategory) VALUES ('Rijdend spel', 'Skateboard - Platform', 'skateboard middel', 'Rijdend spel/Skateboard - Platform', 137, 17, 9);
INSERT INTO playmapping_type_group (categorie, assettype, groep, catasset, id, equipment_type, locationcategory) VALUES (NULL, 'Skateboard - Flat Ramp', 'skateboard groot', 'Skateboard - Flat Ramp', 157, 19, 9);
INSERT INTO playmapping_type_group (categorie, assettype, groep, catasset, id, equipment_type, locationcategory) VALUES (NULL, 'Skateboard - Fun Box', 'skateboard groot', 'Skateboard - Fun Box', 158, 19, 9);
INSERT INTO playmapping_type_group (categorie, assettype, groep, catasset, id, equipment_type, locationcategory) VALUES (NULL, 'Skateboard - Grind Box', 'skateboard groot', 'Skateboard - Grind Box', 159, 19, 9);
INSERT INTO playmapping_type_group (categorie, assettype, groep, catasset, id, equipment_type, locationcategory) VALUES (NULL, 'Skateboard - Grind Rail', 'skateboard groot', 'Skateboard - Grind Rail', 160, 19, 9);
INSERT INTO playmapping_type_group (categorie, assettype, groep, catasset, id, equipment_type, locationcategory) VALUES (NULL, 'Skateboard - Half Pipe', 'skateboard groot', 'Skateboard - Half Pipe', 161, 19, 9);
INSERT INTO playmapping_type_group (categorie, assettype, groep, catasset, id, equipment_type, locationcategory) VALUES (NULL, 'Skateboard - Jump Box', 'skateboard groot', 'Skateboard - Jump Box', 162, 19, 9);
INSERT INTO playmapping_type_group (categorie, assettype, groep, catasset, id, equipment_type, locationcategory) VALUES (NULL, 'Skateboard - Jump Ramp', 'skateboard groot', 'Skateboard - Jump Ramp', 163, 19, 9);
INSERT INTO playmapping_type_group (categorie, assettype, groep, catasset, id, equipment_type, locationcategory) VALUES (NULL, 'Skateboard - Spine', 'skateboard groot', 'Skateboard - Spine', 164, 19, 9);
INSERT INTO playmapping_type_group (categorie, assettype, groep, catasset, id, equipment_type, locationcategory) VALUES (NULL, 'Skateboard - Â Faciliteit', 'skateboard klein', 'Skateboard - Â Faciliteit', 165, 19, 9);
INSERT INTO playmapping_type_group (categorie, assettype, groep, catasset, id, equipment_type, locationcategory) VALUES (NULL, 'Basketbal bord', 'voetbal-basketbaldoel', 'Basketbal bord', 169, 16, 8);
INSERT INTO playmapping_type_group (categorie, assettype, groep, catasset, id, equipment_type, locationcategory) VALUES ('Sporttoestellen', 'Fitness', 'fitness', 'Sporttoestellen/Fitness', 14, 16, 5);
INSERT INTO playmapping_type_group (categorie, assettype, groep, catasset, id, equipment_type, locationcategory) VALUES ('Sporttoestellen', 'Pannaveld', 'Pannaveld', 'Sporttoestellen/Pannaveld', 28, 16, 7);
INSERT INTO playmapping_type_group (categorie, assettype, groep, catasset, id, equipment_type, locationcategory) VALUES ('Sporttoestellen', 'Voetbal veld', 'pannaveld groot', 'Sporttoestellen/Voetbal veld', 29, 16, 7);
INSERT INTO playmapping_type_group (categorie, assettype, groep, catasset, id, equipment_type, locationcategory) VALUES ('Sporttoestellen', 'Ballenvanger', 'basketbalpaal', 'Sporttoestellen/Ballenvanger', 84, 16, 8);
INSERT INTO playmapping_type_group (categorie, assettype, groep, catasset, id, equipment_type, locationcategory) VALUES ('Sporttoestellen', 'Basketbalpaal', 'basketbalpaal', 'Sporttoestellen/Basketbalpaal', 85, 16, 8);
INSERT INTO playmapping_type_group (categorie, assettype, groep, catasset, id, equipment_type, locationcategory) VALUES ('Sporttoestellen', 'Korfbalpaal', 'basketbalpaal', 'Sporttoestellen/Korfbalpaal', 86, 16, 8);
INSERT INTO playmapping_type_group (categorie, assettype, groep, catasset, id, equipment_type, locationcategory) VALUES ('Sporttoestellen', 'Anders (Specificeer in naam veld)', 'jeu de boulesbaan', 'Sporttoestellen/Anders (Specificeer in naam veld)', 128, null, 12);
INSERT INTO playmapping_type_group (categorie, assettype, groep, catasset, id, equipment_type, locationcategory) VALUES ('Sporttoestellen', 'Jeu de Boules', 'jeu de boulesbaan', 'Sporttoestellen/Jeu de Boules', 129, null, 12);
INSERT INTO playmapping_type_group (categorie, assettype, groep, catasset, id, equipment_type, locationcategory) VALUES ('Sporttoestellen', 'Tafeltennistafel', 'tafeltennistafel', 'Sporttoestellen/Tafeltennistafel', 174, 16, 11);
INSERT INTO playmapping_type_group (categorie, assettype, groep, catasset, id, equipment_type, locationcategory) VALUES ('Sporttoestellen', 'Doel', 'voetbaldoel', 'Sporttoestellen/Doel', 179, 16, 7);
INSERT INTO playmapping_type_group (categorie, assettype, groep, catasset, id, equipment_type, locationcategory) VALUES ('Sporttoestellen', 'Mini Goal', 'voetbaldoel', 'Sporttoestellen/Mini Goal', 180, 16, 7);
INSERT INTO playmapping_type_group (categorie, assettype, groep, catasset, id, equipment_type, locationcategory) VALUES ('Sporttoestellen', 'Volleybal set', 'volleybalset', 'Sporttoestellen/Volleybal set', 181, 16, 13);

--
-- TOC entry 3736 (class 0 OID 0)
-- Dependencies: 253
-- Name: playmapping_type_group_id_seq; Type: SEQUENCE SET; Schema: public; Owner: playbase
--


--
-- TOC entry 3737 (class 0 OID 0)
-- Dependencies: 212
-- Name: playservice_accessibility_id_seq; Type: SEQUENCE SET; Schema: public; Owner: playbase
--


--
-- TOC entry 3712 (class 0 OID 64335)
-- Dependencies: 211
-- Data for Name: playservice_accessibility_list; Type: TABLE DATA; Schema: public; Owner: playbase
--

INSERT INTO playservice_accessibility_list VALUES (1, 'Mindervaliden parkeerplaats');
INSERT INTO playservice_accessibility_list VALUES (2, 'Rolstoelvriendelijk');
INSERT INTO playservice_accessibility_list VALUES (3, 'Invalidentoilet');
INSERT INTO playservice_accessibility_list VALUES (4, 'samenspeelplek');
INSERT INTO playservice_accessibility_list VALUES (5, 'Inclusive playground');
INSERT INTO playservice_accessibility_list VALUES (6, 'NVWA verscherpt toezicht');
INSERT INTO playservice_accessibility_list VALUES (7, 'NVWA voldoet');


--
-- TOC entry 3738 (class 0 OID 0)
-- Dependencies: 214
-- Name: playservice_agecategories_id_seq; Type: SEQUENCE SET; Schema: public; Owner: playbase
--


--
-- TOC entry 3714 (class 0 OID 64340)
-- Dependencies: 213
-- Data for Name: playservice_agecategories_list; Type: TABLE DATA; Schema: public; Owner: playbase
--

INSERT INTO playservice_agecategories_list VALUES (1, '0 - 5 jaar');
INSERT INTO playservice_agecategories_list VALUES (2, '6 - 11 jaar');
INSERT INTO playservice_agecategories_list VALUES (3, '12 - 18 jaar');
INSERT INTO playservice_agecategories_list VALUES (4, 'Volwassenen');
INSERT INTO playservice_agecategories_list VALUES (5, 'Senioren');


--
-- TOC entry 3739 (class 0 OID 0)
-- Dependencies: 216
-- Name: playservice_categories_id_seq; Type: SEQUENCE SET; Schema: public; Owner: playbase
--


--
-- TOC entry 3716 (class 0 OID 64345)
-- Dependencies: 215
-- Data for Name: playservice_categories_list; Type: TABLE DATA; Schema: public; Owner: playbase
--

INSERT INTO playservice_categories_list VALUES (5, 'Outdoor fitness toestellen', 'Sport & Fitness');
INSERT INTO playservice_categories_list VALUES (6, 'Fitness parcours', 'Sport & Fitness');
INSERT INTO playservice_categories_list VALUES (7, 'Voetbalveld/Pannakooi', 'Sport & Fitness');
INSERT INTO playservice_categories_list VALUES (8, 'Basketbalpaal', 'Sport & Fitness');
INSERT INTO playservice_categories_list VALUES (9, 'Skatebaan', 'Sport & Fitness');
INSERT INTO playservice_categories_list VALUES (10, 'Fietscrossbaan', 'Sport & Fitness');
INSERT INTO playservice_categories_list VALUES (11, 'Tafeltennistafel', 'Sport & Fitness');
INSERT INTO playservice_categories_list VALUES (12, 'Jeu de boulesbaan', 'Sport & Fitness');
INSERT INTO playservice_categories_list VALUES (13, 'Volleybalveld', 'Sport & Fitness');
INSERT INTO playservice_categories_list VALUES (14, 'Pretpark', 'Amusement');
INSERT INTO playservice_categories_list VALUES (15, 'Waterpark', 'Amusement');
INSERT INTO playservice_categories_list VALUES (16, 'Dierentuin', 'Amusement');
INSERT INTO playservice_categories_list VALUES (17, 'Kinderboerderij', 'Amusement');
INSERT INTO playservice_categories_list VALUES (18, 'Zwembad', 'Amusement');
INSERT INTO playservice_categories_list VALUES (19, 'Openbare speeltuin', 'Speeltuinen');
INSERT INTO playservice_categories_list VALUES (20, 'Speeltuinvereniging', 'Speeltuinen');
INSERT INTO playservice_categories_list VALUES (21, 'Indoor speeltuin', 'Speeltuinen');
INSERT INTO playservice_categories_list VALUES (22, 'Natuurspeeltuin', 'Speeltuinen');
INSERT INTO playservice_categories_list VALUES (23, 'Speeltuinen', 'Speeltuinen');
INSERT INTO playservice_categories_list VALUES (24, 'Sport & Fitness', 'Sport & Fitness');
INSERT INTO playservice_categories_list VALUES (25, 'Amusement', 'Amusement');
INSERT INTO playservice_categories_list VALUES (26, 'Tennis', 'Sport & Fitness');


--
-- TOC entry 3740 (class 0 OID 0)
-- Dependencies: 218
-- Name: playservice_equipment_id_seq; Type: SEQUENCE SET; Schema: public; Owner: playbase
--


--
-- TOC entry 3718 (class 0 OID 64353)
-- Dependencies: 217
-- Data for Name: playservice_equipment_list; Type: TABLE DATA; Schema: public; Owner: playbase
--



--
-- TOC entry 3741 (class 0 OID 0)
-- Dependencies: 220
-- Name: playservice_facilities_id_seq; Type: SEQUENCE SET; Schema: public; Owner: playbase
--


--
-- TOC entry 3720 (class 0 OID 64358)
-- Dependencies: 219
-- Data for Name: playservice_facilities_list; Type: TABLE DATA; Schema: public; Owner: playbase
--

INSERT INTO playservice_facilities_list VALUES (1, 'Kracht');
INSERT INTO playservice_facilities_list VALUES (2, 'Cardio');
INSERT INTO playservice_facilities_list VALUES (3, 'Fitness oefeningen aanwezig');
INSERT INTO playservice_facilities_list VALUES (4, 'Toilet');
INSERT INTO playservice_facilities_list VALUES (5, 'Verschoontafel');
INSERT INTO playservice_facilities_list VALUES (6, 'Winkeltje');
INSERT INTO playservice_facilities_list VALUES (7, 'Restaurant');
INSERT INTO playservice_facilities_list VALUES (8, 'WiFi');
INSERT INTO playservice_facilities_list VALUES (9, 'Beheerder/toezicht aanwezig');
INSERT INTO playservice_facilities_list VALUES (10, 'Bankje');
INSERT INTO playservice_facilities_list VALUES (11, 'Picknicktafel');
INSERT INTO playservice_facilities_list VALUES (12, 'Afgesloten terrein/hek aanwezig');
INSERT INTO playservice_facilities_list VALUES (13, 'Rolstoelvriendelijk');


--
-- TOC entry 3742 (class 0 OID 0)
-- Dependencies: 232
-- Name: playservice_parking_id_seq; Type: SEQUENCE SET; Schema: public; Owner: playbase
--


--
-- TOC entry 3722 (class 0 OID 64396)
-- Dependencies: 231
-- Data for Name: playservice_parking_list; Type: TABLE DATA; Schema: public; Owner: playbase
--

INSERT INTO playservice_parking_list VALUES (1, 'ja - gratis');
INSERT INTO playservice_parking_list VALUES (2, 'ja - betaald');
INSERT INTO playservice_parking_list VALUES (3, 'nee');


-- Completed on 2017-06-02 11:57:27 CEST

--
-- PostgreSQL database dump complete
--

